"","year","gear","region_name","Fish.Age","count","age_count","age_prop","Population"
"1",1985,"Fish Wheel","Yukon Carmacks",6,2,1,0.5,"Carmacks"
"2",1985,"Fish Wheel","Yukon Carmacks",7,2,1,0.5,"Carmacks"
"3",1985,"Fish Wheel","Yukon Lower Canadian",5,2,1,0.5,"Lower Mainstem"
"4",1985,"Fish Wheel","Yukon Lower Canadian",6,2,1,0.5,"Lower Mainstem"
"5",1985,"Fish Wheel","Yukon mainstem",6,1,1,1,"Middle Mainstem"
"6",1985,"Fish Wheel","Yukon Pelly",4,7,1,0.142857143,"Pelly"
"7",1985,"Fish Wheel","Yukon Pelly",5,7,3,0.428571429,"Pelly"
"8",1985,"Fish Wheel","Yukon Pelly",6,7,3,0.428571429,"Pelly"
"9",1985,"Fish Wheel","Yukon Stewart",6,2,2,1,"Stewart"
"10",1985,"Fish Wheel","Yukon Teslin",5,10,4,0.4,"Teslin"
"11",1985,"Fish Wheel","Yukon Teslin",6,10,5,0.5,"Teslin"
"12",1985,"Fish Wheel","Yukon Teslin",7,10,1,0.1,"Teslin"
"13",1985,"Fish Wheel","Yukon upper",6,2,2,1,"Upper Lakes and Mainstem"
"14",1985,"Fish Wheel","Yukon White-Donjek",6,2,1,0.5,"White-Donjek"
"15",1985,"Fish Wheel","Yukon White-Donjek",7,2,1,0.5,"White-Donjek"
"16",1985,NA,NA,4,NA,NA,0.008715061,"Aggregate"
"17",1985,NA,NA,5,NA,NA,0.06134633,"Aggregate"
"18",1985,NA,NA,6,NA,NA,0.6484562,"Aggregate"
"19",1985,NA,NA,7,NA,NA,0.281482426,"Aggregate"
"20",1986,"Fish Wheel","Yukon Carmacks",5,4,1,0.25,"Carmacks"
"21",1986,"Fish Wheel","Yukon Carmacks",6,4,1,0.25,"Carmacks"
"22",1986,"Fish Wheel","Yukon Carmacks",7,4,2,0.5,"Carmacks"
"23",1986,"Fish Wheel","Yukon mainstem",5,2,1,0.5,"Middle Mainstem"
"24",1986,"Fish Wheel","Yukon mainstem",6,2,1,0.5,"Middle Mainstem"
"25",1986,"Fish Wheel","Yukon Pelly",5,9,1,0.111111111,"Pelly"
"26",1986,"Fish Wheel","Yukon Pelly",6,9,5,0.555555556,"Pelly"
"27",1986,"Fish Wheel","Yukon Pelly",7,9,3,0.333333333,"Pelly"
"28",1986,"Fish Wheel","Yukon Stewart",5,1,1,1,"Stewart"
"29",1986,"Fish Wheel","Yukon Teslin",5,14,3,0.214285714,"Teslin"
"30",1986,"Fish Wheel","Yukon Teslin",6,14,8,0.571428571,"Teslin"
"31",1986,"Fish Wheel","Yukon Teslin",7,14,3,0.214285714,"Teslin"
"32",1986,"Fish Wheel","Yukon upper",5,2,1,0.5,"Upper Lakes and Mainstem"
"33",1986,"Fish Wheel","Yukon upper",6,2,1,0.5,"Upper Lakes and Mainstem"
"34",1986,"Fish Wheel","Yukon White-Donjek",5,3,1,0.333333333,"White-Donjek"
"35",1986,"Fish Wheel","Yukon White-Donjek",6,3,1,0.333333333,"White-Donjek"
"36",1986,"Fish Wheel","Yukon White-Donjek",7,3,1,0.333333333,"White-Donjek"
"37",1986,NA,NA,4,NA,NA,0.003265611,"Aggregate"
"38",1986,NA,NA,5,NA,NA,0.08933687,"Aggregate"
"39",1986,NA,NA,6,NA,NA,0.5919204,"Aggregate"
"40",1986,NA,NA,7,NA,NA,0.31547709,"Aggregate"
"41",1987,"Fish Wheel","Yukon Carmacks",5,4,1,0.25,"Carmacks"
"42",1987,"Fish Wheel","Yukon Carmacks",6,4,3,0.75,"Carmacks"
"43",1987,"Fish Wheel","Yukon Lower Canadian",6,3,3,1,"Lower Mainstem"
"44",1987,"Fish Wheel","Yukon mainstem",5,4,1,0.25,"Middle Mainstem"
"45",1987,"Fish Wheel","Yukon mainstem",6,4,2,0.5,"Middle Mainstem"
"46",1987,"Fish Wheel","Yukon mainstem",7,4,1,0.25,"Middle Mainstem"
"47",1987,"Fish Wheel","Yukon Pelly",4,19,2,0.105263158,"Pelly"
"48",1987,"Fish Wheel","Yukon Pelly",5,19,4,0.210526316,"Pelly"
"49",1987,"Fish Wheel","Yukon Pelly",6,19,12,0.631578947,"Pelly"
"50",1987,"Fish Wheel","Yukon Pelly",7,19,1,0.052631579,"Pelly"
"51",1987,"Fish Wheel","Yukon Stewart",4,10,1,0.1,"Stewart"
"52",1987,"Fish Wheel","Yukon Stewart",5,10,1,0.1,"Stewart"
"53",1987,"Fish Wheel","Yukon Stewart",6,10,7,0.7,"Stewart"
"54",1987,"Fish Wheel","Yukon Stewart",7,10,1,0.1,"Stewart"
"55",1987,"Fish Wheel","Yukon Teslin",5,14,4,0.285714286,"Teslin"
"56",1987,"Fish Wheel","Yukon Teslin",6,14,9,0.642857143,"Teslin"
"57",1987,"Fish Wheel","Yukon Teslin",7,14,1,0.071428571,"Teslin"
"58",1987,"Fish Wheel","Yukon upper",7,1,1,1,"Upper Lakes and Mainstem"
"59",1987,"Fish Wheel","Yukon White-Donjek",5,7,1,0.142857143,"White-Donjek"
"60",1987,"Fish Wheel","Yukon White-Donjek",6,7,4,0.571428571,"White-Donjek"
"61",1987,"Fish Wheel","Yukon White-Donjek",7,7,2,0.285714286,"White-Donjek"
"62",1987,NA,NA,4,NA,NA,0.002529909,"Aggregate"
"63",1987,NA,NA,5,NA,NA,0.05081422,"Aggregate"
"64",1987,NA,NA,6,NA,NA,0.7667408,"Aggregate"
"65",1987,NA,NA,7,NA,NA,0.179915109,"Aggregate"
"66",1988,NA,NA,4,NA,NA,0.014179778,"Aggregate"
"67",1988,NA,NA,5,NA,NA,0.1492431,"Aggregate"
"68",1988,NA,NA,6,NA,NA,0.2698461,"Aggregate"
"69",1988,NA,NA,7,NA,NA,0.566731056,"Aggregate"
"70",1989,NA,NA,4,NA,NA,0.029705489,"Aggregate"
"71",1989,NA,NA,5,NA,NA,0.18971692,"Aggregate"
"72",1989,NA,NA,6,NA,NA,0.574205,"Aggregate"
"73",1989,NA,NA,7,NA,NA,0.206372604,"Aggregate"
"74",1990,NA,NA,4,NA,NA,0.045823301,"Aggregate"
"75",1990,NA,NA,5,NA,NA,0.21078429,"Aggregate"
"76",1990,NA,NA,6,NA,NA,0.6465471,"Aggregate"
"77",1990,NA,NA,7,NA,NA,0.0968453,"Aggregate"
"78",1991,"Fish Wheel","Yukon Carmacks",4,18,1,0.055555556,"Carmacks"
"79",1991,"Fish Wheel","Yukon Carmacks",5,18,4,0.222222222,"Carmacks"
"80",1991,"Fish Wheel","Yukon Carmacks",6,18,9,0.5,"Carmacks"
"81",1991,"Fish Wheel","Yukon Carmacks",7,18,4,0.222222222,"Carmacks"
"82",1991,"Fish Wheel","Yukon Lower Canadian",4,11,1,0.090909091,"Lower Mainstem"
"83",1991,"Fish Wheel","Yukon Lower Canadian",5,11,7,0.636363636,"Lower Mainstem"
"84",1991,"Fish Wheel","Yukon Lower Canadian",6,11,3,0.272727273,"Lower Mainstem"
"85",1991,"Fish Wheel","Yukon mainstem",5,7,3,0.428571429,"Middle Mainstem"
"86",1991,"Fish Wheel","Yukon mainstem",6,7,3,0.428571429,"Middle Mainstem"
"87",1991,"Fish Wheel","Yukon mainstem",7,7,1,0.142857143,"Middle Mainstem"
"88",1991,"Fish Wheel","Yukon Pelly",5,24,13,0.541666667,"Pelly"
"89",1991,"Fish Wheel","Yukon Pelly",6,24,10,0.416666667,"Pelly"
"90",1991,"Fish Wheel","Yukon Pelly",7,24,1,0.041666667,"Pelly"
"91",1991,"Fish Wheel","Yukon Stewart",5,11,9,0.818181818,"Stewart"
"92",1991,"Fish Wheel","Yukon Stewart",6,11,2,0.181818182,"Stewart"
"93",1991,"Fish Wheel","Yukon Teslin",4,33,1,0.03030303,"Teslin"
"94",1991,"Fish Wheel","Yukon Teslin",5,33,17,0.515151515,"Teslin"
"95",1991,"Fish Wheel","Yukon Teslin",6,33,14,0.424242424,"Teslin"
"96",1991,"Fish Wheel","Yukon Teslin",7,33,1,0.03030303,"Teslin"
"97",1991,"Fish Wheel","Yukon upper",4,10,1,0.1,"Upper Lakes and Mainstem"
"98",1991,"Fish Wheel","Yukon upper",5,10,4,0.4,"Upper Lakes and Mainstem"
"99",1991,"Fish Wheel","Yukon upper",6,10,5,0.5,"Upper Lakes and Mainstem"
"100",1991,"Fish Wheel","Yukon White-Donjek",5,4,4,1,"White-Donjek"
"101",1991,NA,NA,4,NA,NA,0.015758404,"Aggregate"
"102",1991,NA,NA,5,NA,NA,0.28584272,"Aggregate"
"103",1991,NA,NA,6,NA,NA,0.4813901,"Aggregate"
"104",1991,NA,NA,7,NA,NA,0.21700873,"Aggregate"
"105",1992,"Fish Wheel","Yukon Carmacks",4,9,2,0.222222222,"Carmacks"
"106",1992,"Fish Wheel","Yukon Carmacks",5,9,3,0.333333333,"Carmacks"
"107",1992,"Fish Wheel","Yukon Carmacks",6,9,4,0.444444444,"Carmacks"
"108",1992,"Fish Wheel","Yukon Lower Canadian",4,18,3,0.166666667,"Lower Mainstem"
"109",1992,"Fish Wheel","Yukon Lower Canadian",5,18,7,0.388888889,"Lower Mainstem"
"110",1992,"Fish Wheel","Yukon Lower Canadian",6,18,8,0.444444444,"Lower Mainstem"
"111",1992,"Fish Wheel","Yukon mainstem",5,7,3,0.428571429,"Middle Mainstem"
"112",1992,"Fish Wheel","Yukon mainstem",6,7,3,0.428571429,"Middle Mainstem"
"113",1992,"Fish Wheel","Yukon mainstem",7,7,1,0.142857143,"Middle Mainstem"
"114",1992,"Fish Wheel","Yukon Pelly",4,26,3,0.115384615,"Pelly"
"115",1992,"Fish Wheel","Yukon Pelly",5,26,13,0.5,"Pelly"
"116",1992,"Fish Wheel","Yukon Pelly",6,26,10,0.384615385,"Pelly"
"117",1992,"Fish Wheel","Yukon Stewart",5,7,4,0.571428571,"Stewart"
"118",1992,"Fish Wheel","Yukon Stewart",6,7,3,0.428571429,"Stewart"
"119",1992,"Fish Wheel","Yukon Teslin",4,20,1,0.05,"Teslin"
"120",1992,"Fish Wheel","Yukon Teslin",5,20,11,0.55,"Teslin"
"121",1992,"Fish Wheel","Yukon Teslin",6,20,8,0.4,"Teslin"
"122",1992,"Fish Wheel","Yukon upper",4,1,1,1,"Upper Lakes and Mainstem"
"123",1992,"Fish Wheel","Yukon White-Donjek",4,8,2,0.25,"White-Donjek"
"124",1992,"Fish Wheel","Yukon White-Donjek",5,8,2,0.25,"White-Donjek"
"125",1992,"Fish Wheel","Yukon White-Donjek",6,8,4,0.5,"White-Donjek"
"126",1992,NA,NA,4,NA,NA,0.064225509,"Aggregate"
"127",1992,NA,NA,5,NA,NA,0.17385931,"Aggregate"
"128",1992,NA,NA,6,NA,NA,0.7292292,"Aggregate"
"129",1992,NA,NA,7,NA,NA,0.032686021,"Aggregate"
"130",1993,"Fish Wheel","Yukon Carmacks",4,15,5,0.333333333,"Carmacks"
"131",1993,"Fish Wheel","Yukon Carmacks",5,15,5,0.333333333,"Carmacks"
"132",1993,"Fish Wheel","Yukon Carmacks",6,15,4,0.266666667,"Carmacks"
"133",1993,"Fish Wheel","Yukon Carmacks",7,15,1,0.066666667,"Carmacks"
"134",1993,"Fish Wheel","Yukon Lower Canadian",4,19,6,0.315789474,"Lower Mainstem"
"135",1993,"Fish Wheel","Yukon Lower Canadian",5,19,8,0.421052632,"Lower Mainstem"
"136",1993,"Fish Wheel","Yukon Lower Canadian",6,19,5,0.263157895,"Lower Mainstem"
"137",1993,"Fish Wheel","Yukon mainstem",4,10,3,0.3,"Middle Mainstem"
"138",1993,"Fish Wheel","Yukon mainstem",5,10,2,0.2,"Middle Mainstem"
"139",1993,"Fish Wheel","Yukon mainstem",6,10,4,0.4,"Middle Mainstem"
"140",1993,"Fish Wheel","Yukon mainstem",7,10,1,0.1,"Middle Mainstem"
"141",1993,"Fish Wheel","Yukon Pelly",5,15,8,0.533333333,"Pelly"
"142",1993,"Fish Wheel","Yukon Pelly",6,15,7,0.466666667,"Pelly"
"143",1993,"Fish Wheel","Yukon Stewart",4,9,5,0.555555556,"Stewart"
"144",1993,"Fish Wheel","Yukon Stewart",5,9,1,0.111111111,"Stewart"
"145",1993,"Fish Wheel","Yukon Stewart",6,9,3,0.333333333,"Stewart"
"146",1993,"Fish Wheel","Yukon Teslin",4,26,7,0.269230769,"Teslin"
"147",1993,"Fish Wheel","Yukon Teslin",5,26,8,0.307692308,"Teslin"
"148",1993,"Fish Wheel","Yukon Teslin",6,26,10,0.384615385,"Teslin"
"149",1993,"Fish Wheel","Yukon Teslin",7,26,1,0.038461538,"Teslin"
"150",1993,"Fish Wheel","Yukon upper",4,1,1,1,"Upper Lakes and Mainstem"
"151",1993,"Fish Wheel","Yukon White-Donjek",4,15,6,0.4,"White-Donjek"
"152",1993,"Fish Wheel","Yukon White-Donjek",5,15,8,0.533333333,"White-Donjek"
"153",1993,"Fish Wheel","Yukon White-Donjek",7,15,1,0.066666667,"White-Donjek"
"154",1993,NA,NA,4,NA,NA,0.051576973,"Aggregate"
"155",1993,NA,NA,5,NA,NA,0.28609242,"Aggregate"
"156",1993,NA,NA,6,NA,NA,0.5469435,"Aggregate"
"157",1993,NA,NA,7,NA,NA,0.11538708,"Aggregate"
"158",1994,"Fish Wheel","Yukon Carmacks",4,19,4,0.210526316,"Carmacks"
"159",1994,"Fish Wheel","Yukon Carmacks",5,19,4,0.210526316,"Carmacks"
"160",1994,"Fish Wheel","Yukon Carmacks",6,19,10,0.526315789,"Carmacks"
"161",1994,"Fish Wheel","Yukon Carmacks",7,19,1,0.052631579,"Carmacks"
"162",1994,"Fish Wheel","Yukon Lower Canadian",4,24,3,0.125,"Lower Mainstem"
"163",1994,"Fish Wheel","Yukon Lower Canadian",5,24,16,0.666666667,"Lower Mainstem"
"164",1994,"Fish Wheel","Yukon Lower Canadian",6,24,5,0.208333333,"Lower Mainstem"
"165",1994,"Fish Wheel","Yukon mainstem",5,2,1,0.5,"Middle Mainstem"
"166",1994,"Fish Wheel","Yukon mainstem",6,2,1,0.5,"Middle Mainstem"
"167",1994,"Fish Wheel","Yukon Pelly",4,21,2,0.095238095,"Pelly"
"168",1994,"Fish Wheel","Yukon Pelly",5,21,15,0.714285714,"Pelly"
"169",1994,"Fish Wheel","Yukon Pelly",6,21,4,0.19047619,"Pelly"
"170",1994,"Fish Wheel","Yukon Stewart",4,12,1,0.083333333,"Stewart"
"171",1994,"Fish Wheel","Yukon Stewart",5,12,6,0.5,"Stewart"
"172",1994,"Fish Wheel","Yukon Stewart",6,12,5,0.416666667,"Stewart"
"173",1994,"Fish Wheel","Yukon Teslin",4,26,6,0.230769231,"Teslin"
"174",1994,"Fish Wheel","Yukon Teslin",5,26,12,0.461538462,"Teslin"
"175",1994,"Fish Wheel","Yukon Teslin",6,26,7,0.269230769,"Teslin"
"176",1994,"Fish Wheel","Yukon Teslin",7,26,1,0.038461538,"Teslin"
"177",1994,"Fish Wheel","Yukon upper",4,5,2,0.4,"Upper Lakes and Mainstem"
"178",1994,"Fish Wheel","Yukon upper",5,5,1,0.2,"Upper Lakes and Mainstem"
"179",1994,"Fish Wheel","Yukon upper",6,5,2,0.4,"Upper Lakes and Mainstem"
"180",1994,"Fish Wheel","Yukon White-Donjek",4,12,1,0.083333333,"White-Donjek"
"181",1994,"Fish Wheel","Yukon White-Donjek",5,12,10,0.833333333,"White-Donjek"
"182",1994,"Fish Wheel","Yukon White-Donjek",6,12,1,0.083333333,"White-Donjek"
"183",1994,NA,NA,4,NA,NA,0.019804346,"Aggregate"
"184",1994,NA,NA,5,NA,NA,0.29233813,"Aggregate"
"185",1994,NA,NA,6,NA,NA,0.5425942,"Aggregate"
"186",1994,NA,NA,7,NA,NA,0.14526337,"Aggregate"
"187",1995,"Fish Wheel","Yukon Carmacks",4,9,3,0.333333333,"Carmacks"
"188",1995,"Fish Wheel","Yukon Carmacks",5,9,2,0.222222222,"Carmacks"
"189",1995,"Fish Wheel","Yukon Carmacks",6,9,3,0.333333333,"Carmacks"
"190",1995,"Fish Wheel","Yukon Carmacks",7,9,1,0.111111111,"Carmacks"
"191",1995,"Fish Wheel","Yukon Lower Canadian",4,5,3,0.6,"Lower Mainstem"
"192",1995,"Fish Wheel","Yukon Lower Canadian",6,5,2,0.4,"Lower Mainstem"
"193",1995,"Fish Wheel","Yukon mainstem",4,9,3,0.333333333,"Middle Mainstem"
"194",1995,"Fish Wheel","Yukon mainstem",5,9,3,0.333333333,"Middle Mainstem"
"195",1995,"Fish Wheel","Yukon mainstem",6,9,3,0.333333333,"Middle Mainstem"
"196",1995,"Fish Wheel","Yukon Pelly",4,5,1,0.2,"Pelly"
"197",1995,"Fish Wheel","Yukon Pelly",6,5,4,0.8,"Pelly"
"198",1995,"Fish Wheel","Yukon Stewart",4,13,3,0.230769231,"Stewart"
"199",1995,"Fish Wheel","Yukon Stewart",5,13,3,0.230769231,"Stewart"
"200",1995,"Fish Wheel","Yukon Stewart",6,13,7,0.538461538,"Stewart"
"201",1995,"Fish Wheel","Yukon Teslin",4,17,6,0.352941176,"Teslin"
"202",1995,"Fish Wheel","Yukon Teslin",5,17,4,0.235294118,"Teslin"
"203",1995,"Fish Wheel","Yukon Teslin",6,17,7,0.411764706,"Teslin"
"204",1995,"Fish Wheel","Yukon upper",4,4,1,0.25,"Upper Lakes and Mainstem"
"205",1995,"Fish Wheel","Yukon upper",5,4,1,0.25,"Upper Lakes and Mainstem"
"206",1995,"Fish Wheel","Yukon upper",6,4,2,0.5,"Upper Lakes and Mainstem"
"207",1995,"Fish Wheel","Yukon White-Donjek",4,4,2,0.5,"White-Donjek"
"208",1995,"Fish Wheel","Yukon White-Donjek",6,4,2,0.5,"White-Donjek"
"209",1995,NA,NA,4,NA,NA,0.057368006,"Aggregate"
"210",1995,NA,NA,5,NA,NA,0.13147567,"Aggregate"
"211",1995,NA,NA,6,NA,NA,0.6887017,"Aggregate"
"212",1995,NA,NA,7,NA,NA,0.12245463,"Aggregate"
"213",1996,"Fish Wheel","Yukon Carmacks",4,14,4,0.285714286,"Carmacks"
"214",1996,"Fish Wheel","Yukon Carmacks",5,14,3,0.214285714,"Carmacks"
"215",1996,"Fish Wheel","Yukon Carmacks",6,14,6,0.428571429,"Carmacks"
"216",1996,"Fish Wheel","Yukon Carmacks",7,14,1,0.071428571,"Carmacks"
"217",1996,"Fish Wheel","Yukon Lower Canadian",4,2,2,1,"Lower Mainstem"
"218",1996,"Fish Wheel","Yukon Pelly",5,3,3,1,"Pelly"
"219",1996,"Fish Wheel","Yukon Stewart",5,3,1,0.333333333,"Stewart"
"220",1996,"Fish Wheel","Yukon Stewart",6,3,2,0.666666667,"Stewart"
"221",1996,"Fish Wheel","Yukon Teslin",5,16,11,0.6875,"Teslin"
"222",1996,"Fish Wheel","Yukon Teslin",6,16,4,0.25,"Teslin"
"223",1996,"Fish Wheel","Yukon Teslin",7,16,1,0.0625,"Teslin"
"224",1996,"Fish Wheel","Yukon upper",6,2,2,1,"Upper Lakes and Mainstem"
"225",1996,"Fish Wheel","Yukon White-Donjek",4,8,1,0.125,"White-Donjek"
"226",1996,"Fish Wheel","Yukon White-Donjek",5,8,5,0.625,"White-Donjek"
"227",1996,"Fish Wheel","Yukon White-Donjek",6,8,1,0.125,"White-Donjek"
"228",1996,"Fish Wheel","Yukon White-Donjek",7,8,1,0.125,"White-Donjek"
"229",1996,NA,NA,4,NA,NA,0.032669131,"Aggregate"
"230",1996,NA,NA,5,NA,NA,0.46056757,"Aggregate"
"231",1996,NA,NA,6,NA,NA,0.3212245,"Aggregate"
"232",1996,NA,NA,7,NA,NA,0.18553882,"Aggregate"
"233",1997,NA,NA,4,NA,NA,0.039405885,"Aggregate"
"234",1997,NA,NA,5,NA,NA,0.12302715,"Aggregate"
"235",1997,NA,NA,6,NA,NA,0.8054127,"Aggregate"
"236",1997,NA,NA,7,NA,NA,0.03215427,"Aggregate"
"237",1998,NA,NA,4,NA,NA,0.049002375,"Aggregate"
"238",1998,NA,NA,5,NA,NA,0.43728175,"Aggregate"
"239",1998,NA,NA,6,NA,NA,0.4002132,"Aggregate"
"240",1998,NA,NA,7,NA,NA,0.11350268,"Aggregate"
"241",1999,"Fish Wheel","Yukon Carmacks",4,11,2,0.181818182,"Carmacks"
"242",1999,"Fish Wheel","Yukon Carmacks",5,11,6,0.545454545,"Carmacks"
"243",1999,"Fish Wheel","Yukon Carmacks",6,11,3,0.272727273,"Carmacks"
"244",1999,"Fish Wheel","Yukon Lower Canadian",4,7,4,0.571428571,"Lower Mainstem"
"245",1999,"Fish Wheel","Yukon Lower Canadian",5,7,3,0.428571429,"Lower Mainstem"
"246",1999,"Fish Wheel","Yukon mainstem",5,7,3,0.428571429,"Middle Mainstem"
"247",1999,"Fish Wheel","Yukon mainstem",6,7,4,0.571428571,"Middle Mainstem"
"248",1999,"Fish Wheel","Yukon Pelly",4,15,2,0.133333333,"Pelly"
"249",1999,"Fish Wheel","Yukon Pelly",5,15,3,0.2,"Pelly"
"250",1999,"Fish Wheel","Yukon Pelly",6,15,9,0.6,"Pelly"
"251",1999,"Fish Wheel","Yukon Pelly",7,15,1,0.066666667,"Pelly"
"252",1999,"Fish Wheel","Yukon Stewart",4,4,2,0.5,"Stewart"
"253",1999,"Fish Wheel","Yukon Stewart",5,4,1,0.25,"Stewart"
"254",1999,"Fish Wheel","Yukon Stewart",6,4,1,0.25,"Stewart"
"255",1999,"Fish Wheel","Yukon Teslin",4,19,3,0.157894737,"Teslin"
"256",1999,"Fish Wheel","Yukon Teslin",5,19,6,0.315789474,"Teslin"
"257",1999,"Fish Wheel","Yukon Teslin",6,19,10,0.526315789,"Teslin"
"258",1999,"Fish Wheel","Yukon upper",4,7,2,0.285714286,"Upper Lakes and Mainstem"
"259",1999,"Fish Wheel","Yukon upper",5,7,4,0.571428571,"Upper Lakes and Mainstem"
"260",1999,"Fish Wheel","Yukon upper",6,7,1,0.142857143,"Upper Lakes and Mainstem"
"261",1999,"Fish Wheel","Yukon White-Donjek",5,12,3,0.25,"White-Donjek"
"262",1999,"Fish Wheel","Yukon White-Donjek",6,12,9,0.75,"White-Donjek"
"263",1999,NA,NA,4,NA,NA,0.014563389,"Aggregate"
"264",1999,NA,NA,5,NA,NA,0.17747031,"Aggregate"
"265",1999,NA,NA,6,NA,NA,0.7874233,"Aggregate"
"266",1999,NA,NA,7,NA,NA,0.02054301,"Aggregate"
"267",2000,"Fish Wheel","Yukon Carmacks",4,24,6,0.25,"Carmacks"
"268",2000,"Fish Wheel","Yukon Carmacks",5,24,9,0.375,"Carmacks"
"269",2000,"Fish Wheel","Yukon Carmacks",6,24,6,0.25,"Carmacks"
"270",2000,"Fish Wheel","Yukon Carmacks",7,24,3,0.125,"Carmacks"
"271",2000,"Fish Wheel","Yukon Lower Canadian",4,8,4,0.5,"Lower Mainstem"
"272",2000,"Fish Wheel","Yukon Lower Canadian",5,8,1,0.125,"Lower Mainstem"
"273",2000,"Fish Wheel","Yukon Lower Canadian",6,8,3,0.375,"Lower Mainstem"
"274",2000,"Fish Wheel","Yukon mainstem",4,17,1,0.058823529,"Middle Mainstem"
"275",2000,"Fish Wheel","Yukon mainstem",5,17,12,0.705882353,"Middle Mainstem"
"276",2000,"Fish Wheel","Yukon mainstem",6,17,3,0.176470588,"Middle Mainstem"
"277",2000,"Fish Wheel","Yukon mainstem",7,17,1,0.058823529,"Middle Mainstem"
"278",2000,"Fish Wheel","Yukon Pelly",4,21,5,0.238095238,"Pelly"
"279",2000,"Fish Wheel","Yukon Pelly",5,21,8,0.380952381,"Pelly"
"280",2000,"Fish Wheel","Yukon Pelly",6,21,8,0.380952381,"Pelly"
"281",2000,"Fish Wheel","Yukon Stewart",6,3,3,1,"Stewart"
"282",2000,"Fish Wheel","Yukon Teslin",4,24,5,0.208333333,"Teslin"
"283",2000,"Fish Wheel","Yukon Teslin",5,24,9,0.375,"Teslin"
"284",2000,"Fish Wheel","Yukon Teslin",6,24,8,0.333333333,"Teslin"
"285",2000,"Fish Wheel","Yukon Teslin",7,24,2,0.083333333,"Teslin"
"286",2000,"Fish Wheel","Yukon upper",5,6,3,0.5,"Upper Lakes and Mainstem"
"287",2000,"Fish Wheel","Yukon upper",6,6,3,0.5,"Upper Lakes and Mainstem"
"288",2000,"Fish Wheel","Yukon White-Donjek",4,16,2,0.125,"White-Donjek"
"289",2000,"Fish Wheel","Yukon White-Donjek",5,16,7,0.4375,"White-Donjek"
"290",2000,"Fish Wheel","Yukon White-Donjek",6,16,6,0.375,"White-Donjek"
"291",2000,"Fish Wheel","Yukon White-Donjek",7,16,1,0.0625,"White-Donjek"
"292",2000,NA,NA,4,NA,NA,0.063995931,"Aggregate"
"293",2000,NA,NA,5,NA,NA,0.25618786,"Aggregate"
"294",2000,NA,NA,6,NA,NA,0.538371,"Aggregate"
"295",2000,NA,NA,7,NA,NA,0.14144524,"Aggregate"
"296",2001,NA,NA,4,NA,NA,0.019137735,"Aggregate"
"297",2001,NA,NA,5,NA,NA,0.24977822,"Aggregate"
"298",2001,NA,NA,6,NA,NA,0.6068125,"Aggregate"
"299",2001,NA,NA,7,NA,NA,0.124271588,"Aggregate"
"300",2002,"Fish Wheel","Yukon Carmacks",4,14,2,0.142857143,"Carmacks"
"301",2002,"Fish Wheel","Yukon Carmacks",5,14,8,0.571428571,"Carmacks"
"302",2002,"Fish Wheel","Yukon Carmacks",6,14,3,0.214285714,"Carmacks"
"303",2002,"Fish Wheel","Yukon Carmacks",7,14,1,0.071428571,"Carmacks"
"304",2002,"Fish Wheel","Yukon Lower Canadian",4,18,5,0.277777778,"Lower Mainstem"
"305",2002,"Fish Wheel","Yukon Lower Canadian",5,18,10,0.555555556,"Lower Mainstem"
"306",2002,"Fish Wheel","Yukon Lower Canadian",6,18,3,0.166666667,"Lower Mainstem"
"307",2002,"Fish Wheel","Yukon mainstem",4,34,18,0.529411765,"Middle Mainstem"
"308",2002,"Fish Wheel","Yukon mainstem",5,34,12,0.352941176,"Middle Mainstem"
"309",2002,"Fish Wheel","Yukon mainstem",6,34,4,0.117647059,"Middle Mainstem"
"310",2002,"Fish Wheel","Yukon Pelly",4,13,6,0.461538462,"Pelly"
"311",2002,"Fish Wheel","Yukon Pelly",5,13,7,0.538461538,"Pelly"
"312",2002,"Fish Wheel","Yukon Stewart",4,14,5,0.357142857,"Stewart"
"313",2002,"Fish Wheel","Yukon Stewart",5,14,5,0.357142857,"Stewart"
"314",2002,"Fish Wheel","Yukon Stewart",6,14,4,0.285714286,"Stewart"
"315",2002,"Fish Wheel","Yukon Teslin",4,33,14,0.424242424,"Teslin"
"316",2002,"Fish Wheel","Yukon Teslin",5,33,9,0.272727273,"Teslin"
"317",2002,"Fish Wheel","Yukon Teslin",6,33,8,0.242424242,"Teslin"
"318",2002,"Fish Wheel","Yukon Teslin",7,33,2,0.060606061,"Teslin"
"319",2002,"Fish Wheel","Yukon upper",4,2,1,0.5,"Upper Lakes and Mainstem"
"320",2002,"Fish Wheel","Yukon upper",6,2,1,0.5,"Upper Lakes and Mainstem"
"321",2002,"Fish Wheel","Yukon White-Donjek",5,1,1,1,"White-Donjek"
"322",2002,NA,NA,4,NA,NA,0.075752151,"Aggregate"
"323",2002,NA,NA,5,NA,NA,0.25095252,"Aggregate"
"324",2002,NA,NA,6,NA,NA,0.531102,"Aggregate"
"325",2002,NA,NA,7,NA,NA,0.14219335,"Aggregate"
"326",2003,"Fish Wheel","Yukon Carmacks",4,20,1,0.05,"Carmacks"
"327",2003,"Fish Wheel","Yukon Carmacks",5,20,8,0.4,"Carmacks"
"328",2003,"Fish Wheel","Yukon Carmacks",6,20,11,0.55,"Carmacks"
"329",2003,"Fish Wheel","Yukon Lower Canadian",4,27,5,0.185185185,"Lower Mainstem"
"330",2003,"Fish Wheel","Yukon Lower Canadian",5,27,12,0.444444444,"Lower Mainstem"
"331",2003,"Fish Wheel","Yukon Lower Canadian",6,27,10,0.37037037,"Lower Mainstem"
"332",2003,"Fish Wheel","Yukon mainstem",4,6,1,0.166666667,"Middle Mainstem"
"333",2003,"Fish Wheel","Yukon mainstem",5,6,3,0.5,"Middle Mainstem"
"334",2003,"Fish Wheel","Yukon mainstem",6,6,2,0.333333333,"Middle Mainstem"
"335",2003,"Fish Wheel","Yukon Pelly",4,34,2,0.058823529,"Pelly"
"336",2003,"Fish Wheel","Yukon Pelly",5,34,18,0.529411765,"Pelly"
"337",2003,"Fish Wheel","Yukon Pelly",6,34,12,0.352941176,"Pelly"
"338",2003,"Fish Wheel","Yukon Pelly",7,34,2,0.058823529,"Pelly"
"339",2003,"Fish Wheel","Yukon Stewart",4,8,1,0.125,"Stewart"
"340",2003,"Fish Wheel","Yukon Stewart",5,8,5,0.625,"Stewart"
"341",2003,"Fish Wheel","Yukon Stewart",6,8,2,0.25,"Stewart"
"342",2003,"Fish Wheel","Yukon Teslin",4,15,2,0.133333333,"Teslin"
"343",2003,"Fish Wheel","Yukon Teslin",5,15,8,0.533333333,"Teslin"
"344",2003,"Fish Wheel","Yukon Teslin",6,15,4,0.266666667,"Teslin"
"345",2003,"Fish Wheel","Yukon Teslin",7,15,1,0.066666667,"Teslin"
"346",2003,"Fish Wheel","Yukon upper",4,3,1,0.333333333,"Upper Lakes and Mainstem"
"347",2003,"Fish Wheel","Yukon upper",5,3,2,0.666666667,"Upper Lakes and Mainstem"
"348",2003,"Fish Wheel","Yukon White-Donjek",5,11,8,0.727272727,"White-Donjek"
"349",2003,"Fish Wheel","Yukon White-Donjek",6,11,3,0.272727273,"White-Donjek"
"350",2003,NA,NA,4,NA,NA,0.011739857,"Aggregate"
"351",2003,NA,NA,5,NA,NA,0.2884192,"Aggregate"
"352",2003,NA,NA,6,NA,NA,0.629083,"Aggregate"
"353",2003,NA,NA,7,NA,NA,0.07075799,"Aggregate"
"354",2004,"Fish Wheel","Yukon Carmacks",4,19,4,0.210526316,"Carmacks"
"355",2004,"Fish Wheel","Yukon Carmacks",5,19,7,0.368421053,"Carmacks"
"356",2004,"Fish Wheel","Yukon Carmacks",6,19,7,0.368421053,"Carmacks"
"357",2004,"Fish Wheel","Yukon Carmacks",7,19,1,0.052631579,"Carmacks"
"358",2004,"Fish Wheel","Yukon Lower Canadian",4,22,4,0.181818182,"Lower Mainstem"
"359",2004,"Fish Wheel","Yukon Lower Canadian",5,22,13,0.590909091,"Lower Mainstem"
"360",2004,"Fish Wheel","Yukon Lower Canadian",6,22,5,0.227272727,"Lower Mainstem"
"361",2004,"Fish Wheel","Yukon mainstem",4,10,2,0.2,"Middle Mainstem"
"362",2004,"Fish Wheel","Yukon mainstem",5,10,5,0.5,"Middle Mainstem"
"363",2004,"Fish Wheel","Yukon mainstem",6,10,3,0.3,"Middle Mainstem"
"364",2004,"Fish Wheel","Yukon Pelly",4,24,7,0.291666667,"Pelly"
"365",2004,"Fish Wheel","Yukon Pelly",5,24,7,0.291666667,"Pelly"
"366",2004,"Fish Wheel","Yukon Pelly",6,24,8,0.333333333,"Pelly"
"367",2004,"Fish Wheel","Yukon Pelly",7,24,2,0.083333333,"Pelly"
"368",2004,"Fish Wheel","Yukon Stewart",4,12,2,0.166666667,"Stewart"
"369",2004,"Fish Wheel","Yukon Stewart",5,12,5,0.416666667,"Stewart"
"370",2004,"Fish Wheel","Yukon Stewart",6,12,5,0.416666667,"Stewart"
"371",2004,"Fish Wheel","Yukon Teslin",4,22,7,0.318181818,"Teslin"
"372",2004,"Fish Wheel","Yukon Teslin",5,22,10,0.454545455,"Teslin"
"373",2004,"Fish Wheel","Yukon Teslin",6,22,4,0.181818182,"Teslin"
"374",2004,"Fish Wheel","Yukon Teslin",7,22,1,0.045454545,"Teslin"
"375",2004,"Fish Wheel","Yukon upper",4,3,1,0.333333333,"Upper Lakes and Mainstem"
"376",2004,"Fish Wheel","Yukon upper",6,3,2,0.666666667,"Upper Lakes and Mainstem"
"377",2004,"Fish Wheel","Yukon White-Donjek",4,10,3,0.3,"White-Donjek"
"378",2004,"Fish Wheel","Yukon White-Donjek",5,10,5,0.5,"White-Donjek"
"379",2004,"Fish Wheel","Yukon White-Donjek",6,10,1,0.1,"White-Donjek"
"380",2004,"Fish Wheel","Yukon White-Donjek",7,10,1,0.1,"White-Donjek"
"381",2004,NA,NA,4,NA,NA,0.048258999,"Aggregate"
"382",2004,NA,NA,5,NA,NA,0.2019232,"Aggregate"
"383",2004,NA,NA,6,NA,NA,0.6976803,"Aggregate"
"384",2004,NA,NA,7,NA,NA,0.05213751,"Aggregate"
"385",2005,"Fish Wheel","Yukon Carmacks",4,4,1,0.25,"Carmacks"
"386",2005,"Fish Wheel","Yukon Carmacks",5,4,1,0.25,"Carmacks"
"387",2005,"Fish Wheel","Yukon Carmacks",6,4,2,0.5,"Carmacks"
"388",2005,"Fish Wheel","Yukon Lower Canadian",4,8,2,0.25,"Lower Mainstem"
"389",2005,"Fish Wheel","Yukon Lower Canadian",5,8,1,0.125,"Lower Mainstem"
"390",2005,"Fish Wheel","Yukon Lower Canadian",6,8,5,0.625,"Lower Mainstem"
"391",2005,"Fish Wheel","Yukon Pelly",5,3,2,0.666666667,"Pelly"
"392",2005,"Fish Wheel","Yukon Pelly",6,3,1,0.333333333,"Pelly"
"393",2005,"Fish Wheel","Yukon Teslin",4,8,2,0.25,"Teslin"
"394",2005,"Fish Wheel","Yukon Teslin",5,8,2,0.25,"Teslin"
"395",2005,"Fish Wheel","Yukon Teslin",6,8,4,0.5,"Teslin"
"396",2005,"Fish Wheel","Yukon upper",5,2,1,0.5,"Upper Lakes and Mainstem"
"397",2005,"Fish Wheel","Yukon upper",6,2,1,0.5,"Upper Lakes and Mainstem"
"398",2005,"Fish Wheel","Yukon White-Donjek",5,2,1,0.5,"White-Donjek"
"399",2005,"Fish Wheel","Yukon White-Donjek",6,2,1,0.5,"White-Donjek"
"400",2005,NA,NA,4,NA,NA,0.021975688,"Aggregate"
"401",2005,NA,NA,5,NA,NA,0.3140846,"Aggregate"
"402",2005,NA,NA,6,NA,NA,0.6054952,"Aggregate"
"403",2005,NA,NA,7,NA,NA,0.05844451,"Aggregate"
"404",2006,"Fish Wheel","Yukon Lower Canadian",4,2,1,0.5,"Lower Mainstem"
"405",2006,"Fish Wheel","Yukon Lower Canadian",5,2,1,0.5,"Lower Mainstem"
"406",2006,"Fish Wheel","Yukon mainstem",6,1,1,1,"Middle Mainstem"
"407",2006,"Fish Wheel","Yukon Pelly",4,2,2,1,"Pelly"
"408",2006,"Fish Wheel","Yukon Stewart",4,2,1,0.5,"Stewart"
"409",2006,"Fish Wheel","Yukon Stewart",5,2,1,0.5,"Stewart"
"410",2006,"Fish Wheel","Yukon Teslin",5,3,1,0.333333333,"Teslin"
"411",2006,"Fish Wheel","Yukon Teslin",6,3,2,0.666666667,"Teslin"
"412",2006,NA,NA,4,NA,NA,0.047271382,"Aggregate"
"413",2006,NA,NA,5,NA,NA,0.51165005,"Aggregate"
"414",2006,NA,NA,6,NA,NA,0.4303972,"Aggregate"
"415",2006,NA,NA,7,NA,NA,0.0106814,"Aggregate"
"416",2007,"Fish Wheel","Yukon Carmacks",4,3,1,0.333333333,"Carmacks"
"417",2007,"Fish Wheel","Yukon Carmacks",5,3,1,0.333333333,"Carmacks"
"418",2007,"Fish Wheel","Yukon Carmacks",6,3,1,0.333333333,"Carmacks"
"419",2007,"Fish Wheel","Yukon Pelly",4,1,1,1,"Pelly"
"420",2007,"Fish Wheel","Yukon Teslin",5,1,1,1,"Teslin"
"421",2007,"Fish Wheel","Yukon White-Donjek",5,2,1,0.5,"White-Donjek"
"422",2007,"Fish Wheel","Yukon White-Donjek",7,2,1,0.5,"White-Donjek"
"423",2007,NA,NA,4,NA,NA,0.05655527,"Aggregate"
"424",2007,NA,NA,5,NA,NA,0.40102828,"Aggregate"
"425",2007,NA,NA,6,NA,NA,0.53727506,"Aggregate"
"426",2007,NA,NA,7,NA,NA,0.005141388,"Aggregate"
"427",2008,"Test Fishery","Yukon Carmacks",4,21,1,0.047619048,"Carmacks"
"428",2008,"Test Fishery","Yukon Carmacks",5,21,10,0.476190476,"Carmacks"
"429",2008,"Test Fishery","Yukon Carmacks",6,21,9,0.428571429,"Carmacks"
"430",2008,"Test Fishery","Yukon Carmacks",7,21,1,0.047619048,"Carmacks"
"431",2008,"Test Fishery","Yukon Lower Canadian",5,30,22,0.733333333,"Lower Mainstem"
"432",2008,"Test Fishery","Yukon Lower Canadian",6,30,8,0.266666667,"Lower Mainstem"
"433",2008,"Test Fishery","Yukon mainstem",4,76,2,0.026315789,"Middle Mainstem"
"434",2008,"Test Fishery","Yukon mainstem",5,76,37,0.486842105,"Middle Mainstem"
"435",2008,"Test Fishery","Yukon mainstem",6,76,34,0.447368421,"Middle Mainstem"
"436",2008,"Test Fishery","Yukon mainstem",7,76,3,0.039473684,"Middle Mainstem"
"437",2008,"Test Fishery","Yukon Pelly",5,69,43,0.623188406,"Pelly"
"438",2008,"Test Fishery","Yukon Pelly",6,69,23,0.333333333,"Pelly"
"439",2008,"Test Fishery","Yukon Pelly",7,69,3,0.043478261,"Pelly"
"440",2008,"Test Fishery","Yukon Stewart",5,14,9,0.642857143,"Stewart"
"441",2008,"Test Fishery","Yukon Stewart",6,14,5,0.357142857,"Stewart"
"442",2008,"Test Fishery","Yukon Teslin",5,51,22,0.431372549,"Teslin"
"443",2008,"Test Fishery","Yukon Teslin",6,51,22,0.431372549,"Teslin"
"444",2008,"Test Fishery","Yukon Teslin",7,51,7,0.137254902,"Teslin"
"445",2008,"Test Fishery","Yukon upper",5,1,1,1,"Upper Lakes and Mainstem"
"446",2008,"Test Fishery","Yukon White-Donjek",5,25,18,0.72,"White-Donjek"
"447",2008,"Test Fishery","Yukon White-Donjek",6,25,6,0.24,"White-Donjek"
"448",2008,"Test Fishery","Yukon White-Donjek",7,25,1,0.04,"White-Donjek"
"449",2008,NA,NA,4,NA,NA,0.026666667,"Aggregate"
"450",2008,NA,NA,5,NA,NA,0.56266667,"Aggregate"
"451",2008,NA,NA,6,NA,NA,0.36533333,"Aggregate"
"452",2008,NA,NA,7,NA,NA,0.045333333,"Aggregate"
"453",2009,"Test Fishery","Yukon Carmacks",4,99,5,0.050505051,"Carmacks"
"454",2009,"Test Fishery","Yukon Carmacks",5,99,28,0.282828283,"Carmacks"
"455",2009,"Test Fishery","Yukon Carmacks",6,99,66,0.666666667,"Carmacks"
"456",2009,"Test Fishery","Yukon Lower Canadian",4,60,4,0.066666667,"Lower Mainstem"
"457",2009,"Test Fishery","Yukon Lower Canadian",5,60,14,0.233333333,"Lower Mainstem"
"458",2009,"Test Fishery","Yukon Lower Canadian",6,60,42,0.7,"Lower Mainstem"
"459",2009,"Test Fishery","Yukon mainstem",4,11,2,0.181818182,"Middle Mainstem"
"460",2009,"Test Fishery","Yukon mainstem",5,11,6,0.545454545,"Middle Mainstem"
"461",2009,"Test Fishery","Yukon mainstem",6,11,3,0.272727273,"Middle Mainstem"
"462",2009,"Test Fishery","Yukon Pelly",4,167,14,0.083832335,"Pelly"
"463",2009,"Test Fishery","Yukon Pelly",5,167,54,0.323353293,"Pelly"
"464",2009,"Test Fishery","Yukon Pelly",6,167,99,0.592814371,"Pelly"
"465",2009,"Test Fishery","Yukon Stewart",4,52,5,0.096153846,"Stewart"
"466",2009,"Test Fishery","Yukon Stewart",5,52,20,0.384615385,"Stewart"
"467",2009,"Test Fishery","Yukon Stewart",6,52,27,0.519230769,"Stewart"
"468",2009,"Test Fishery","Yukon Teslin",4,150,13,0.086666667,"Teslin"
"469",2009,"Test Fishery","Yukon Teslin",5,150,53,0.353333333,"Teslin"
"470",2009,"Test Fishery","Yukon Teslin",6,150,84,0.56,"Teslin"
"471",2009,"Test Fishery","Yukon upper",4,13,1,0.076923077,"Upper Lakes and Mainstem"
"472",2009,"Test Fishery","Yukon upper",5,13,8,0.615384615,"Upper Lakes and Mainstem"
"473",2009,"Test Fishery","Yukon upper",6,13,4,0.307692308,"Upper Lakes and Mainstem"
"474",2009,"Test Fishery","Yukon White-Donjek",4,37,1,0.027027027,"White-Donjek"
"475",2009,"Test Fishery","Yukon White-Donjek",5,37,10,0.27027027,"White-Donjek"
"476",2009,"Test Fishery","Yukon White-Donjek",6,37,26,0.702702703,"White-Donjek"
"477",2009,NA,NA,4,NA,NA,0.077279753,"Aggregate"
"478",2009,NA,NA,5,NA,NA,0.33230294,"Aggregate"
"479",2009,NA,NA,6,NA,NA,0.59041731,"Aggregate"
"480",2009,NA,NA,7,NA,NA,0,"Aggregate"
"481",2010,"Test Fishery","Yukon Carmacks",4,55,4,0.072727273,"Carmacks"
"482",2010,"Test Fishery","Yukon Carmacks",5,55,22,0.4,"Carmacks"
"483",2010,"Test Fishery","Yukon Carmacks",6,55,27,0.490909091,"Carmacks"
"484",2010,"Test Fishery","Yukon Carmacks",7,55,2,0.036363636,"Carmacks"
"485",2010,"Test Fishery","Yukon Lower Canadian",4,12,2,0.166666667,"Lower Mainstem"
"486",2010,"Test Fishery","Yukon Lower Canadian",5,12,8,0.666666667,"Lower Mainstem"
"487",2010,"Test Fishery","Yukon Lower Canadian",6,12,2,0.166666667,"Lower Mainstem"
"488",2010,"Test Fishery","Yukon mainstem",4,26,4,0.153846154,"Middle Mainstem"
"489",2010,"Test Fishery","Yukon mainstem",5,26,18,0.692307692,"Middle Mainstem"
"490",2010,"Test Fishery","Yukon mainstem",6,26,4,0.153846154,"Middle Mainstem"
"491",2010,"Test Fishery","Yukon Pelly",4,48,2,0.041666667,"Pelly"
"492",2010,"Test Fishery","Yukon Pelly",5,48,26,0.541666667,"Pelly"
"493",2010,"Test Fishery","Yukon Pelly",6,48,18,0.375,"Pelly"
"494",2010,"Test Fishery","Yukon Pelly",7,48,2,0.041666667,"Pelly"
"495",2010,"Test Fishery","Yukon Stewart",4,37,3,0.081081081,"Stewart"
"496",2010,"Test Fishery","Yukon Stewart",5,37,20,0.540540541,"Stewart"
"497",2010,"Test Fishery","Yukon Stewart",6,37,12,0.324324324,"Stewart"
"498",2010,"Test Fishery","Yukon Stewart",7,37,2,0.054054054,"Stewart"
"499",2010,"Test Fishery","Yukon Teslin",4,123,10,0.081300813,"Teslin"
"500",2010,"Test Fishery","Yukon Teslin",5,123,43,0.349593496,"Teslin"
"501",2010,"Test Fishery","Yukon Teslin",6,123,62,0.504065041,"Teslin"
"502",2010,"Test Fishery","Yukon Teslin",7,123,8,0.06504065,"Teslin"
"503",2010,"Test Fishery","Yukon upper",5,22,10,0.454545455,"Upper Lakes and Mainstem"
"504",2010,"Test Fishery","Yukon upper",6,22,12,0.545454545,"Upper Lakes and Mainstem"
"505",2010,"Test Fishery","Yukon White-Donjek",5,12,8,0.666666667,"White-Donjek"
"506",2010,"Test Fishery","Yukon White-Donjek",6,12,4,0.333333333,"White-Donjek"
"507",2010,NA,NA,4,NA,NA,0.074404762,"Aggregate"
"508",2010,NA,NA,5,NA,NA,0.46428571,"Aggregate"
"509",2010,NA,NA,6,NA,NA,0.41964286,"Aggregate"
"510",2010,NA,NA,7,NA,NA,0.041666667,"Aggregate"
"511",2011,"Test Fishery","Yukon Carmacks",5,46,11,0.239130435,"Carmacks"
"512",2011,"Test Fishery","Yukon Carmacks",6,46,33,0.717391304,"Carmacks"
"513",2011,"Test Fishery","Yukon Carmacks",7,46,2,0.043478261,"Carmacks"
"514",2011,"Test Fishery","Yukon Lower Canadian",5,29,8,0.275862069,"Lower Mainstem"
"515",2011,"Test Fishery","Yukon Lower Canadian",6,29,19,0.655172414,"Lower Mainstem"
"516",2011,"Test Fishery","Yukon Lower Canadian",7,29,2,0.068965517,"Lower Mainstem"
"517",2011,"Test Fishery","Yukon mainstem",5,53,22,0.41509434,"Middle Mainstem"
"518",2011,"Test Fishery","Yukon mainstem",6,53,28,0.528301887,"Middle Mainstem"
"519",2011,"Test Fishery","Yukon mainstem",7,53,3,0.056603774,"Middle Mainstem"
"520",2011,"Test Fishery","Yukon Pelly",4,110,1,0.009090909,"Pelly"
"521",2011,"Test Fishery","Yukon Pelly",5,110,36,0.327272727,"Pelly"
"522",2011,"Test Fishery","Yukon Pelly",6,110,67,0.609090909,"Pelly"
"523",2011,"Test Fishery","Yukon Pelly",7,110,6,0.054545455,"Pelly"
"524",2011,"Test Fishery","Yukon Stewart",5,16,3,0.1875,"Stewart"
"525",2011,"Test Fishery","Yukon Stewart",6,16,13,0.8125,"Stewart"
"526",2011,"Test Fishery","Yukon Teslin",4,117,4,0.034188034,"Teslin"
"527",2011,"Test Fishery","Yukon Teslin",5,117,29,0.247863248,"Teslin"
"528",2011,"Test Fishery","Yukon Teslin",6,117,65,0.555555556,"Teslin"
"529",2011,"Test Fishery","Yukon Teslin",7,117,19,0.162393162,"Teslin"
"530",2011,"Test Fishery","Yukon upper",4,16,2,0.125,"Upper Lakes and Mainstem"
"531",2011,"Test Fishery","Yukon upper",5,16,3,0.1875,"Upper Lakes and Mainstem"
"532",2011,"Test Fishery","Yukon upper",6,16,11,0.6875,"Upper Lakes and Mainstem"
"533",2011,"Test Fishery","Yukon White-Donjek",4,17,1,0.058823529,"White-Donjek"
"534",2011,"Test Fishery","Yukon White-Donjek",5,17,8,0.470588235,"White-Donjek"
"535",2011,"Test Fishery","Yukon White-Donjek",6,17,8,0.470588235,"White-Donjek"
"536",2011,NA,NA,4,NA,NA,0.021479714,"Aggregate"
"537",2011,NA,NA,5,NA,NA,0.29594272,"Aggregate"
"538",2011,NA,NA,6,NA,NA,0.60381862,"Aggregate"
"539",2011,NA,NA,7,NA,NA,0.07875895,"Aggregate"
"540",2012,"Test Fishery","Yukon Carmacks",5,29,10,0.344827586,"Carmacks"
"541",2012,"Test Fishery","Yukon Carmacks",6,29,18,0.620689655,"Carmacks"
"542",2012,"Test Fishery","Yukon Carmacks",7,29,1,0.034482759,"Carmacks"
"543",2012,"Test Fishery","Yukon Lower Canadian",4,8,1,0.125,"Lower Mainstem"
"544",2012,"Test Fishery","Yukon Lower Canadian",5,8,5,0.625,"Lower Mainstem"
"545",2012,"Test Fishery","Yukon Lower Canadian",6,8,2,0.25,"Lower Mainstem"
"546",2012,"Test Fishery","Yukon mainstem",4,40,5,0.125,"Middle Mainstem"
"547",2012,"Test Fishery","Yukon mainstem",5,40,9,0.225,"Middle Mainstem"
"548",2012,"Test Fishery","Yukon mainstem",6,40,24,0.6,"Middle Mainstem"
"549",2012,"Test Fishery","Yukon mainstem",7,40,2,0.05,"Middle Mainstem"
"550",2012,"Test Fishery","Yukon Pelly",4,19,1,0.052631579,"Pelly"
"551",2012,"Test Fishery","Yukon Pelly",5,19,5,0.263157895,"Pelly"
"552",2012,"Test Fishery","Yukon Pelly",6,19,13,0.684210526,"Pelly"
"553",2012,"Test Fishery","Yukon Stewart",4,21,1,0.047619048,"Stewart"
"554",2012,"Test Fishery","Yukon Stewart",5,21,6,0.285714286,"Stewart"
"555",2012,"Test Fishery","Yukon Stewart",6,21,14,0.666666667,"Stewart"
"556",2012,"Test Fishery","Yukon Teslin",4,106,8,0.075471698,"Teslin"
"557",2012,"Test Fishery","Yukon Teslin",5,106,32,0.301886792,"Teslin"
"558",2012,"Test Fishery","Yukon Teslin",6,106,61,0.575471698,"Teslin"
"559",2012,"Test Fishery","Yukon Teslin",7,106,5,0.047169811,"Teslin"
"560",2012,"Test Fishery","Yukon upper",4,15,1,0.066666667,"Upper Lakes and Mainstem"
"561",2012,"Test Fishery","Yukon upper",5,15,4,0.266666667,"Upper Lakes and Mainstem"
"562",2012,"Test Fishery","Yukon upper",6,15,7,0.466666667,"Upper Lakes and Mainstem"
"563",2012,"Test Fishery","Yukon upper",7,15,3,0.2,"Upper Lakes and Mainstem"
"564",2012,"Test Fishery","Yukon White-Donjek",5,11,4,0.363636364,"White-Donjek"
"565",2012,"Test Fishery","Yukon White-Donjek",6,11,7,0.636363636,"White-Donjek"
"566",2012,NA,NA,4,NA,NA,0.068273092,"Aggregate"
"567",2012,NA,NA,5,NA,NA,0.30120482,"Aggregate"
"568",2012,NA,NA,6,NA,NA,0.58634538,"Aggregate"
"569",2012,NA,NA,7,NA,NA,0.044176707,"Aggregate"
"570",2013,"Test Fishery","Yukon Carmacks",4,35,1,0.028571429,"Carmacks"
"571",2013,"Test Fishery","Yukon Carmacks",5,35,8,0.228571429,"Carmacks"
"572",2013,"Test Fishery","Yukon Carmacks",6,35,24,0.685714286,"Carmacks"
"573",2013,"Test Fishery","Yukon Carmacks",7,35,2,0.057142857,"Carmacks"
"574",2013,"Test Fishery","Yukon Lower Canadian",6,2,2,1,"Lower Mainstem"
"575",2013,"Test Fishery","Yukon mainstem",4,48,3,0.0625,"Middle Mainstem"
"576",2013,"Test Fishery","Yukon mainstem",5,48,11,0.229166667,"Middle Mainstem"
"577",2013,"Test Fishery","Yukon mainstem",6,48,31,0.645833333,"Middle Mainstem"
"578",2013,"Test Fishery","Yukon mainstem",7,48,3,0.0625,"Middle Mainstem"
"579",2013,"Test Fishery","Yukon Pelly",4,46,2,0.043478261,"Pelly"
"580",2013,"Test Fishery","Yukon Pelly",5,46,12,0.260869565,"Pelly"
"581",2013,"Test Fishery","Yukon Pelly",6,46,31,0.673913043,"Pelly"
"582",2013,"Test Fishery","Yukon Pelly",7,46,1,0.02173913,"Pelly"
"583",2013,"Test Fishery","Yukon Stewart",5,7,1,0.142857143,"Stewart"
"584",2013,"Test Fishery","Yukon Stewart",6,7,5,0.714285714,"Stewart"
"585",2013,"Test Fishery","Yukon Stewart",7,7,1,0.142857143,"Stewart"
"586",2013,"Test Fishery","Yukon Teslin",4,105,5,0.047619048,"Teslin"
"587",2013,"Test Fishery","Yukon Teslin",5,105,34,0.323809524,"Teslin"
"588",2013,"Test Fishery","Yukon Teslin",6,105,63,0.6,"Teslin"
"589",2013,"Test Fishery","Yukon Teslin",7,105,3,0.028571429,"Teslin"
"590",2013,"Test Fishery","Yukon upper",5,17,4,0.235294118,"Upper Lakes and Mainstem"
"591",2013,"Test Fishery","Yukon upper",6,17,10,0.588235294,"Upper Lakes and Mainstem"
"592",2013,"Test Fishery","Yukon upper",7,17,3,0.176470588,"Upper Lakes and Mainstem"
"593",2013,"Test Fishery","Yukon White-Donjek",5,4,2,0.5,"White-Donjek"
"594",2013,"Test Fishery","Yukon White-Donjek",6,4,2,0.5,"White-Donjek"
"595",2013,NA,NA,4,NA,NA,0.041509434,"Aggregate"
"596",2013,NA,NA,5,NA,NA,0.2754717,"Aggregate"
"597",2013,NA,NA,6,NA,NA,0.63396226,"Aggregate"
"598",2013,NA,NA,7,NA,NA,0.049056604,"Aggregate"
"599",2014,"Test Fishery","Yukon Carmacks",4,64,4,0.0625,"Carmacks"
"600",2014,"Test Fishery","Yukon Carmacks",5,64,25,0.390625,"Carmacks"
"601",2014,"Test Fishery","Yukon Carmacks",6,64,32,0.5,"Carmacks"
"602",2014,"Test Fishery","Yukon Carmacks",7,64,3,0.046875,"Carmacks"
"603",2014,"Test Fishery","Yukon Lower Canadian",4,18,1,0.055555556,"Lower Mainstem"
"604",2014,"Test Fishery","Yukon Lower Canadian",5,18,17,0.944444444,"Lower Mainstem"
"605",2014,"Test Fishery","Yukon mainstem",4,123,7,0.056910569,"Middle Mainstem"
"606",2014,"Test Fishery","Yukon mainstem",5,123,58,0.471544715,"Middle Mainstem"
"607",2014,"Test Fishery","Yukon mainstem",6,123,53,0.430894309,"Middle Mainstem"
"608",2014,"Test Fishery","Yukon mainstem",7,123,5,0.040650407,"Middle Mainstem"
"609",2014,"Test Fishery","Yukon Pelly",4,97,5,0.051546392,"Pelly"
"610",2014,"Test Fishery","Yukon Pelly",5,97,60,0.618556701,"Pelly"
"611",2014,"Test Fishery","Yukon Pelly",6,97,31,0.319587629,"Pelly"
"612",2014,"Test Fishery","Yukon Pelly",7,97,1,0.010309278,"Pelly"
"613",2014,"Test Fishery","Yukon Stewart",4,41,2,0.048780488,"Stewart"
"614",2014,"Test Fishery","Yukon Stewart",5,41,24,0.585365854,"Stewart"
"615",2014,"Test Fishery","Yukon Stewart",6,41,15,0.365853659,"Stewart"
"616",2014,"Test Fishery","Yukon Teslin",4,202,16,0.079207921,"Teslin"
"617",2014,"Test Fishery","Yukon Teslin",5,202,87,0.430693069,"Teslin"
"618",2014,"Test Fishery","Yukon Teslin",6,202,95,0.47029703,"Teslin"
"619",2014,"Test Fishery","Yukon Teslin",7,202,4,0.01980198,"Teslin"
"620",2014,"Test Fishery","Yukon upper",4,25,4,0.16,"Upper Lakes and Mainstem"
"621",2014,"Test Fishery","Yukon upper",5,25,12,0.48,"Upper Lakes and Mainstem"
"622",2014,"Test Fishery","Yukon upper",6,25,8,0.32,"Upper Lakes and Mainstem"
"623",2014,"Test Fishery","Yukon upper",7,25,1,0.04,"Upper Lakes and Mainstem"
"624",2014,"Test Fishery","Yukon White-Donjek",4,27,1,0.037037037,"White-Donjek"
"625",2014,"Test Fishery","Yukon White-Donjek",5,27,18,0.666666667,"White-Donjek"
"626",2014,"Test Fishery","Yukon White-Donjek",6,27,6,0.222222222,"White-Donjek"
"627",2014,"Test Fishery","Yukon White-Donjek",7,27,2,0.074074074,"White-Donjek"
"628",2014,NA,NA,4,NA,NA,0.067656766,"Aggregate"
"629",2014,NA,NA,5,NA,NA,0.5049505,"Aggregate"
"630",2014,NA,NA,6,NA,NA,0.4009901,"Aggregate"
"631",2014,NA,NA,7,NA,NA,0.02640264,"Aggregate"
"632",2015,"Test Fishery","Yukon Carmacks",4,169,13,0.076923077,"Carmacks"
"633",2015,"Test Fishery","Yukon Carmacks",5,169,66,0.390532544,"Carmacks"
"634",2015,"Test Fishery","Yukon Carmacks",6,169,86,0.50887574,"Carmacks"
"635",2015,"Test Fishery","Yukon Carmacks",7,169,4,0.023668639,"Carmacks"
"636",2015,"Test Fishery","Yukon Lower Canadian",4,43,6,0.139534884,"Lower Mainstem"
"637",2015,"Test Fishery","Yukon Lower Canadian",5,43,9,0.209302326,"Lower Mainstem"
"638",2015,"Test Fishery","Yukon Lower Canadian",6,43,26,0.604651163,"Lower Mainstem"
"639",2015,"Test Fishery","Yukon Lower Canadian",7,43,2,0.046511628,"Lower Mainstem"
"640",2015,"Test Fishery","Yukon mainstem",4,130,13,0.1,"Middle Mainstem"
"641",2015,"Test Fishery","Yukon mainstem",5,130,48,0.369230769,"Middle Mainstem"
"642",2015,"Test Fishery","Yukon mainstem",6,130,69,0.530769231,"Middle Mainstem"
"643",2015,"Test Fishery","Yukon Pelly",4,188,16,0.085106383,"Pelly"
"644",2015,"Test Fishery","Yukon Pelly",5,188,63,0.335106383,"Pelly"
"645",2015,"Test Fishery","Yukon Pelly",6,188,105,0.558510638,"Pelly"
"646",2015,"Test Fishery","Yukon Pelly",7,188,4,0.021276596,"Pelly"
"647",2015,"Test Fishery","Yukon Stewart",4,59,11,0.186440678,"Stewart"
"648",2015,"Test Fishery","Yukon Stewart",5,59,18,0.305084746,"Stewart"
"649",2015,"Test Fishery","Yukon Stewart",6,59,29,0.491525424,"Stewart"
"650",2015,"Test Fishery","Yukon Stewart",7,59,1,0.016949153,"Stewart"
"651",2015,"Test Fishery","Yukon Teslin",4,240,35,0.145833333,"Teslin"
"652",2015,"Test Fishery","Yukon Teslin",5,240,85,0.354166667,"Teslin"
"653",2015,"Test Fishery","Yukon Teslin",6,240,115,0.479166667,"Teslin"
"654",2015,"Test Fishery","Yukon Teslin",7,240,5,0.020833333,"Teslin"
"655",2015,"Test Fishery","Yukon upper",4,41,2,0.048780488,"Upper Lakes and Mainstem"
"656",2015,"Test Fishery","Yukon upper",5,41,13,0.317073171,"Upper Lakes and Mainstem"
"657",2015,"Test Fishery","Yukon upper",6,41,22,0.536585366,"Upper Lakes and Mainstem"
"658",2015,"Test Fishery","Yukon upper",7,41,4,0.097560976,"Upper Lakes and Mainstem"
"659",2015,"Test Fishery","Yukon White-Donjek",4,51,7,0.137254902,"White-Donjek"
"660",2015,"Test Fishery","Yukon White-Donjek",5,51,15,0.294117647,"White-Donjek"
"661",2015,"Test Fishery","Yukon White-Donjek",6,51,29,0.568627451,"White-Donjek"
"662",2015,NA,NA,4,NA,NA,0.111231102,"Aggregate"
"663",2015,NA,NA,5,NA,NA,0.34341253,"Aggregate"
"664",2015,NA,NA,6,NA,NA,0.5237581,"Aggregate"
"665",2015,NA,NA,7,NA,NA,0.021598272,"Aggregate"
"666",2016,"Test Fishery","Yukon Carmacks",4,102,6,0.058823529,"Carmacks"
"667",2016,"Test Fishery","Yukon Carmacks",5,102,68,0.666666667,"Carmacks"
"668",2016,"Test Fishery","Yukon Carmacks",6,102,28,0.274509804,"Carmacks"
"669",2016,"Test Fishery","Yukon Lower Canadian",4,29,5,0.172413793,"Lower Mainstem"
"670",2016,"Test Fishery","Yukon Lower Canadian",5,29,21,0.724137931,"Lower Mainstem"
"671",2016,"Test Fishery","Yukon Lower Canadian",6,29,3,0.103448276,"Lower Mainstem"
"672",2016,"Test Fishery","Yukon mainstem",4,59,2,0.033898305,"Middle Mainstem"
"673",2016,"Test Fishery","Yukon mainstem",5,59,45,0.762711864,"Middle Mainstem"
"674",2016,"Test Fishery","Yukon mainstem",6,59,11,0.186440678,"Middle Mainstem"
"675",2016,"Test Fishery","Yukon mainstem",7,59,1,0.016949153,"Middle Mainstem"
"676",2016,"Test Fishery","Yukon Pelly",4,105,11,0.104761905,"Pelly"
"677",2016,"Test Fishery","Yukon Pelly",5,105,68,0.647619048,"Pelly"
"678",2016,"Test Fishery","Yukon Pelly",6,105,25,0.238095238,"Pelly"
"679",2016,"Test Fishery","Yukon Pelly",7,105,1,0.00952381,"Pelly"
"680",2016,"Test Fishery","Yukon Stewart",4,41,4,0.097560976,"Stewart"
"681",2016,"Test Fishery","Yukon Stewart",5,41,29,0.707317073,"Stewart"
"682",2016,"Test Fishery","Yukon Stewart",6,41,8,0.195121951,"Stewart"
"683",2016,"Test Fishery","Yukon Teslin",4,252,23,0.091269841,"Teslin"
"684",2016,"Test Fishery","Yukon Teslin",5,252,155,0.615079365,"Teslin"
"685",2016,"Test Fishery","Yukon Teslin",6,252,73,0.28968254,"Teslin"
"686",2016,"Test Fishery","Yukon Teslin",7,252,1,0.003968254,"Teslin"
"687",2016,"Test Fishery","Yukon upper",4,43,6,0.139534884,"Upper Lakes and Mainstem"
"688",2016,"Test Fishery","Yukon upper",5,43,23,0.534883721,"Upper Lakes and Mainstem"
"689",2016,"Test Fishery","Yukon upper",6,43,13,0.302325581,"Upper Lakes and Mainstem"
"690",2016,"Test Fishery","Yukon upper",7,43,1,0.023255814,"Upper Lakes and Mainstem"
"691",2016,"Test Fishery","Yukon White-Donjek",4,16,1,0.0625,"White-Donjek"
"692",2016,"Test Fishery","Yukon White-Donjek",5,16,13,0.8125,"White-Donjek"
"693",2016,"Test Fishery","Yukon White-Donjek",6,16,2,0.125,"White-Donjek"
"694",2016,NA,NA,4,NA,NA,0.091591592,"Aggregate"
"695",2016,NA,NA,5,NA,NA,0.65015015,"Aggregate"
"696",2016,NA,NA,6,NA,NA,0.25225225,"Aggregate"
"697",2016,NA,NA,7,NA,NA,0.006006006,"Aggregate"
"698",2017,"Test Fishery","Yukon Carmacks",4,156,10,0.064102564,"Carmacks"
"699",2017,"Test Fishery","Yukon Carmacks",5,156,71,0.455128205,"Carmacks"
"700",2017,"Test Fishery","Yukon Carmacks",6,156,74,0.474358974,"Carmacks"
"701",2017,"Test Fishery","Yukon Carmacks",7,156,1,0.006410256,"Carmacks"
"702",2017,"Test Fishery","Yukon Lower Canadian",5,25,10,0.4,"Lower Mainstem"
"703",2017,"Test Fishery","Yukon Lower Canadian",6,25,15,0.6,"Lower Mainstem"
"704",2017,"Test Fishery","Yukon mainstem",4,118,6,0.050847458,"Middle Mainstem"
"705",2017,"Test Fishery","Yukon mainstem",5,118,65,0.550847458,"Middle Mainstem"
"706",2017,"Test Fishery","Yukon mainstem",6,118,45,0.381355932,"Middle Mainstem"
"707",2017,"Test Fishery","Yukon mainstem",7,118,2,0.016949153,"Middle Mainstem"
"708",2017,"Test Fishery","Yukon Pelly",4,85,4,0.047058824,"Pelly"
"709",2017,"Test Fishery","Yukon Pelly",5,85,45,0.529411765,"Pelly"
"710",2017,"Test Fishery","Yukon Pelly",6,85,36,0.423529412,"Pelly"
"711",2017,"Test Fishery","Yukon Stewart",4,33,1,0.03030303,"Stewart"
"712",2017,"Test Fishery","Yukon Stewart",5,33,12,0.363636364,"Stewart"
"713",2017,"Test Fishery","Yukon Stewart",6,33,20,0.606060606,"Stewart"
"714",2017,"Test Fishery","Yukon Teslin",4,178,9,0.050561798,"Teslin"
"715",2017,"Test Fishery","Yukon Teslin",5,178,76,0.426966292,"Teslin"
"716",2017,"Test Fishery","Yukon Teslin",6,178,91,0.511235955,"Teslin"
"717",2017,"Test Fishery","Yukon Teslin",7,178,2,0.011235955,"Teslin"
"718",2017,"Test Fishery","Yukon upper",5,37,16,0.432432432,"Upper Lakes and Mainstem"
"719",2017,"Test Fishery","Yukon upper",6,37,20,0.540540541,"Upper Lakes and Mainstem"
"720",2017,"Test Fishery","Yukon upper",7,37,1,0.027027027,"Upper Lakes and Mainstem"
"721",2017,"Test Fishery","Yukon White-Donjek",5,20,12,0.6,"White-Donjek"
"722",2017,"Test Fishery","Yukon White-Donjek",6,20,8,0.4,"White-Donjek"
"723",2017,NA,NA,4,NA,NA,0.043115439,"Aggregate"
"724",2017,NA,NA,5,NA,NA,0.46453408,"Aggregate"
"725",2017,NA,NA,6,NA,NA,0.48122392,"Aggregate"
"726",2017,NA,NA,7,NA,NA,0.011126565,"Aggregate"
"727",2018,"Test Fishery","Yukon Carmacks",4,171,21,0.122807018,"Carmacks"
"728",2018,"Test Fishery","Yukon Carmacks",5,171,73,0.426900585,"Carmacks"
"729",2018,"Test Fishery","Yukon Carmacks",6,171,75,0.438596491,"Carmacks"
"730",2018,"Test Fishery","Yukon Carmacks",7,171,2,0.011695906,"Carmacks"
"731",2018,"Test Fishery","Yukon Lower Canadian",4,23,3,0.130434783,"Lower Mainstem"
"732",2018,"Test Fishery","Yukon Lower Canadian",5,23,15,0.652173913,"Lower Mainstem"
"733",2018,"Test Fishery","Yukon Lower Canadian",6,23,4,0.173913043,"Lower Mainstem"
"734",2018,"Test Fishery","Yukon Lower Canadian",7,23,1,0.043478261,"Lower Mainstem"
"735",2018,"Test Fishery","Yukon mainstem",4,152,17,0.111842105,"Middle Mainstem"
"736",2018,"Test Fishery","Yukon mainstem",5,152,77,0.506578947,"Middle Mainstem"
"737",2018,"Test Fishery","Yukon mainstem",6,152,55,0.361842105,"Middle Mainstem"
"738",2018,"Test Fishery","Yukon mainstem",7,152,3,0.019736842,"Middle Mainstem"
"739",2018,"Test Fishery","Yukon Pelly",4,57,5,0.087719298,"Pelly"
"740",2018,"Test Fishery","Yukon Pelly",5,57,24,0.421052632,"Pelly"
"741",2018,"Test Fishery","Yukon Pelly",6,57,28,0.49122807,"Pelly"
"742",2018,"Test Fishery","Yukon Stewart",4,38,5,0.131578947,"Stewart"
"743",2018,"Test Fishery","Yukon Stewart",5,38,16,0.421052632,"Stewart"
"744",2018,"Test Fishery","Yukon Stewart",6,38,17,0.447368421,"Stewart"
"745",2018,"Test Fishery","Yukon Teslin",4,161,15,0.093167702,"Teslin"
"746",2018,"Test Fishery","Yukon Teslin",5,161,54,0.335403727,"Teslin"
"747",2018,"Test Fishery","Yukon Teslin",6,161,88,0.546583851,"Teslin"
"748",2018,"Test Fishery","Yukon Teslin",7,161,4,0.02484472,"Teslin"
"749",2018,"Test Fishery","Yukon upper",4,60,2,0.033333333,"Upper Lakes and Mainstem"
"750",2018,"Test Fishery","Yukon upper",5,60,31,0.516666667,"Upper Lakes and Mainstem"
"751",2018,"Test Fishery","Yukon upper",6,60,25,0.416666667,"Upper Lakes and Mainstem"
"752",2018,"Test Fishery","Yukon upper",7,60,2,0.033333333,"Upper Lakes and Mainstem"
"753",2018,"Test Fishery","Yukon White-Donjek",4,21,2,0.095238095,"White-Donjek"
"754",2018,"Test Fishery","Yukon White-Donjek",5,21,8,0.380952381,"White-Donjek"
"755",2018,"Test Fishery","Yukon White-Donjek",6,21,11,0.523809524,"White-Donjek"
"756",2018,NA,NA,4,NA,NA,0.102710414,"Aggregate"
"757",2018,NA,NA,5,NA,NA,0.43081312,"Aggregate"
"758",2018,NA,NA,6,NA,NA,0.44935806,"Aggregate"
"759",2018,NA,NA,7,NA,NA,0.017118402,"Aggregate"
"760",2019,NA,NA,4,NA,NA,0.084837545,"Aggregate"
"761",2019,NA,NA,5,NA,NA,0.48375451,"Aggregate"
"762",2019,NA,NA,6,NA,NA,0.41877256,"Aggregate"
"763",2019,NA,NA,7,NA,NA,0.012635379,"Aggregate"
